<?xml version="1.0" encoding="UTF-8"?>
<ti:app xmlns:ti="http://ti.appcelerator.org">
    <id>com.packtpub.hotshot.unifiedstatus</id>
    <name>Unified Status</name>
    <version>1.0</version>
    <publisher>Christian Brousseau</publisher>
    <url>http://www.packtpub.com</url>
    <description>This chapter guides the reader in creating a social application that allows for posting their update status on Facebook and Twitter in a single click. It covers application preferences, social network authentication and integration.</description>
    <copyright>2013 by Christian Brousseau</copyright>
    <icon>appicon.png</icon>
    <persistent-wifi>false</persistent-wifi>
    <prerendered-icon>false</prerendered-icon>
    <statusbar-style>default</statusbar-style>
    <statusbar-hidden>false</statusbar-hidden>
    <fullscreen>false</fullscreen>
    <navbar-hidden>false</navbar-hidden>
    <analytics>false</analytics>
    <guid>70e81a09-1f8d-444c-a15d-7cdeef7ae475</guid>
    <property name="ti.ui.defaultunit" type="string">system</property>
    <iphone>
        <orientations device="iphone">
            <orientation>Ti.UI.PORTRAIT</orientation>
            <orientation>Ti.UI.UPSIDE_PORTRAIT</orientation>
            <orientation>Ti.UI.LANDSCAPE_LEFT</orientation>
            <orientation>Ti.UI.LANDSCAPE_RIGHT</orientation>
        </orientations>
        <orientations device="ipad">
            <orientation>Ti.UI.PORTRAIT</orientation>
            <orientation>Ti.UI.UPSIDE_PORTRAIT</orientation>
            <orientation>Ti.UI.LANDSCAPE_LEFT</orientation>
            <orientation>Ti.UI.LANDSCAPE_RIGHT</orientation>
        </orientations>
    </iphone>
    <android xmlns:android="http://schemas.android.com/apk/res/android">
        <activity android:name="ti.modules.titanium.ui.android.TiPreferencesActivity"/>
    </android>
    <mobileweb>
        <precache/>
        <splash>
            <enabled>true</enabled>
            <inline-css-images>true</inline-css-images>
        </splash>
        <theme>default</theme>
    </mobileweb>
    <modules>
        <module platform="android">facebook</module>
        <module platform="iphone">facebook</module>
    </modules>
    <deployment-targets>
        <target device="android">true</target>
        <target device="blackberry">false</target>
        <target device="ipad">false</target>
        <target device="iphone">true</target>
        <target device="mobileweb">false</target>
        <target device="tizen">false</target>
    </deployment-targets>
    <sdk-version>3.1.3.GA</sdk-version>
    <property name="twitter.consumerKey">[YOUR_TWITTER_CONSUMER_KEY]</property>
    <property name="twitter.consumerSecret">[YOUR_TWITTER_CONSUMER_SECRET]</property>
    <property name="ti.facebook.appid">[FACEBOOK_APPID]</property>
</ti:app>
