<?xml version="1.0" encoding="UTF-8"?>
<ti:app xmlns:ti="http://ti.appcelerator.org">
    <deployment-targets>
        <target device="tizen">false</target>
        <target device="mobileweb">false</target>
        <target device="iphone">false</target>
        <target device="ipad">true</target>
        <target device="android">false</target>
        <target device="blackberry">false</target>
    </deployment-targets>
    <sdk-version>3.1.3.GA</sdk-version>
    <id>com.packtpub.hotshot.interactivebook</id>
    <name>InteractiveBook</name>
    <version>1.0</version>
    <publisher>Christian Brousseau</publisher>
    <url>http://www.packtpub.com</url>
    <description>This chapter guides the reader in creating an interactive electronic book (eBook) application with realistic page flipping. (Pretty much like a real book) This is an iPad specific application in order to benefit from the large screen resolution. It covers the integration and utilization of a native module as well a rich media presentation.</description>
    <copyright>2012 by Christian Brousseau</copyright>
    <icon>appicon.png</icon>
    <persistent-wifi>false</persistent-wifi>
    <prerendered-icon>false</prerendered-icon>
    <statusbar-style>default</statusbar-style>
    <statusbar-hidden>false</statusbar-hidden>
    <fullscreen>false</fullscreen>
    <navbar-hidden>false</navbar-hidden>
    <analytics>false</analytics>
    <guid>888e2496-f40c-4fd2-b95b-1cf7ff912b14</guid>
    <property name="ti.ui.defaultunit">system</property>
    <iphone>
        <orientations device="iphone">
            <orientation>Ti.UI.PORTRAIT</orientation>
        </orientations>
        <orientations device="ipad">
            <orientation>Ti.UI.LANDSCAPE_LEFT</orientation>
            <orientation>Ti.UI.LANDSCAPE_RIGHT</orientation>
        </orientations>
    </iphone>
    <android xmlns:android="http://schemas.android.com/apk/res/android"/>
    <mobileweb>
        <precache/>
        <splash>
            <enabled>true</enabled>
            <inline-css-images>true</inline-css-images>
        </splash>
        <theme>default</theme>
    </mobileweb>
    <modules>
        <module platform="iphone" version="1.8.2">ti.pageflip</module>
    </modules>
</ti:app>
