<?xml version="1.0" encoding="UTF-8"?>
<ti:app xmlns:ti="http://ti.appcelerator.org">
    <id>com.packtpub.hotshot.secondtolastfantasy</id>
    <name>SecondToLastFantasy</name>
    <version>1.0</version>
    <publisher>Christian Brousseau</publisher>
    <url>http://www.packtpub.com</url>
    <description>This chapter guides the reader in creating a native mobile game. The game slows players to roam around a map from a tip view perspective, much like a classic Japanese RPG. It covers graphics manipulation and touch control.</description>
    <copyright>2013 by Christian Brousseau</copyright>
    <icon>appicon.png</icon>
    <persistent-wifi>false</persistent-wifi>
    <prerendered-icon>false</prerendered-icon>
    <statusbar-style>default</statusbar-style>
    <statusbar-hidden>false</statusbar-hidden>
    <fullscreen>false</fullscreen>
    <navbar-hidden>false</navbar-hidden>
    <analytics>false</analytics>
    <guid>4c9b6b2c-01bb-4b5f-a17e-3ae36f9c0352</guid>
    <property name="ti.ui.defaultunit" type="string">system</property>
    <iphone>
        <orientations device="iphone">
            <orientation>Ti.UI.PORTRAIT</orientation>
        </orientations>
        <orientations device="ipad">
            <orientation>Ti.UI.PORTRAIT</orientation>
            <orientation>Ti.UI.UPSIDE_PORTRAIT</orientation>
            <orientation>Ti.UI.LANDSCAPE_LEFT</orientation>
            <orientation>Ti.UI.LANDSCAPE_RIGHT</orientation>
        </orientations>
    </iphone>
    <android xmlns:android="http://schemas.android.com/apk/res/android"/>
    <mobileweb>
        <precache/>
        <splash>
            <enabled>true</enabled>
            <inline-css-images>true</inline-css-images>
        </splash>
        <theme>default</theme>
    </mobileweb>
    <deployment-targets>
        <target device="tizen">false</target>
        <target device="iphone">true</target>
        <target device="ipad">true</target>
        <target device="blackberry">false</target>
        <target device="android">true</target>
        <target device="mobileweb">false</target>
    </deployment-targets>
    <sdk-version>3.1.3.GA</sdk-version>
    <android xmlns:android="http://schemas.android.com/apk/res/android"/>
    <modules>
        <module platform="iphone" version="1.2">com.googlecode.quicktigame2d</module>
        <module platform="android" version="1.2">com.googlecode.quicktigame2d</module>
    </modules>
</ti:app>
