<?xml version="1.0" encoding="UTF-8"?>
<ti:app xmlns:ti="http://ti.appcelerator.org">
    <property name="acs-oauth-secret-production" type="string">[YOUR_PRODUCTION_ACS_OAUTH_SECRET]</property>
    <property name="acs-oauth-key-production" type="string">[YOUR_PRODUCTION_ACS_OAUTH_KEY]</property>
    <property name="acs-api-key-production" type="string">[YOUR_PRODUCTION_ACS_API_KEY]</property>
    <property name="acs-oauth-secret-development" type="string">[YOUR_DEVELOPMENT_ACS_OAUTH_SECRET]</property>
    <property name="acs-oauth-key-development" type="string">[YOUR_DEVELOPMENT_ACS_OAUTH_KEY]</property>
    <property name="acs-api-key-development" type="string">[YOUR_DEVELOPMENT_ACS_API_KEY]</property>
    <id>com.packtpub.hotshot.marcopolo</id>
    <name>Worldwide Marco Polo</name>
    <version>1.0</version>
    <publisher>Christian Brousseau</publisher>
    <url>http://www.packtpub.com</url>
    <description>This chapter guides the reader in creating a social application that allows users to “check-in” a location based on the device’s location. And then, share this check-in to the world using Appcelerator Cloud Services. It covers location services, Cloud integration and map view.</description>
    <copyright>2013 by Christian Brousseau</copyright>
    <icon>appicon.png</icon>
    <persistent-wifi>false</persistent-wifi>
    <prerendered-icon>false</prerendered-icon>
    <statusbar-style>default</statusbar-style>
    <statusbar-hidden>false</statusbar-hidden>
    <fullscreen>false</fullscreen>
    <navbar-hidden>false</navbar-hidden>
    <analytics>false</analytics>
    <guid>3bbe7234-4f77-4722-be24-73d54cc19342</guid>
    <property name="ti.ui.defaultunit" type="string">system</property>
    <iphone>
        <orientations device="iphone">
            <orientation>Ti.UI.PORTRAIT</orientation>
        </orientations>
        <orientations device="ipad">
            <orientation>Ti.UI.PORTRAIT</orientation>
            <orientation>Ti.UI.UPSIDE_PORTRAIT</orientation>
            <orientation>Ti.UI.LANDSCAPE_LEFT</orientation>
            <orientation>Ti.UI.LANDSCAPE_RIGHT</orientation>
        </orientations>
    </iphone>
    <android xmlns:android="http://schemas.android.com/apk/res/android">
        <manifest>
            <!-- Allows the API to download data from Google Map servers -->
            <uses-permission android:name="android.permission.INTERNET"/>
            <!-- Allows the API to cache data -->
            <uses-permission android:name="android.permission.WRITE_EXTERNAL_STORAGE"/>
            <!-- Use GPS for device location -->
            <uses-permission android:name="android.permission.ACCESS_FINE_LOCATION"/>
            <!-- Use Wi-Fi or mobile connection for device location -->
            <uses-permission android:name="android.permission.ACCESS_COARSE_LOCATION"/>
            <!-- Allows the API to access Google web-based services -->
            <uses-permission android:name="com.google.android.providers.gsf.permission.READ_GSERVICES"/>
            <!-- Specify OpenGL ES 2.0 as a requirement -->
            <uses-feature android:glEsVersion="0x00020000" android:required="true"/>
            <uses-permission android:name="com.packtpub.hotshot.marcopolo.permission.MAPS_RECEIVE"/>
            <permission
                android:name="com.packtpub.hotshot.marcopolo.permission.MAPS_RECEIVE" android:protectionLevel="signature"/>
            <application>
                <meta-data
                    android:name="com.google.android.maps.v2.API_KEY" android:value="[YOUR_GOOGLE_API_KEY]"/>
            </application>
        </manifest>
    </android>
    <mobileweb>
        <precache/>
        <splash>
            <enabled>true</enabled>
            <inline-css-images>true</inline-css-images>
        </splash>
        <theme>default</theme>
    </mobileweb>
    <modules>
        <module platform="commonjs">ti.cloud</module>
        <module platform="android">ti.map</module>
    </modules>
    <deployment-targets>
        <target device="android">true</target>
        <target device="blackberry">false</target>
        <target device="ipad">true</target>
        <target device="iphone">true</target>
        <target device="mobileweb">false</target>
        <target device="tizen">false</target>
    </deployment-targets>
    <sdk-version>3.1.3.GA</sdk-version>
</ti:app>
