<?xml version="1.0" encoding="UTF-8"?>
<ti:app xmlns:ti="http://ti.appcelerator.org">
    <id>com.packtpub.hotshot.photosurrounder</id>
    <name>PhotoSurrounder</name>
    <version>1.0</version>
    <publisher>Christian Brousseau</publisher>
    <url>http://www.packtpub.com</url>
    <description>This chapter guides the reader in creating an application that shows online pictures that were taken near the device’s current location. It covers location services, web API calls and Photo Gallery integration.</description>
    <copyright>2013 by Christian Brousseau</copyright>
    <icon>appicon.png</icon>
    <persistent-wifi>false</persistent-wifi>
    <prerendered-icon>false</prerendered-icon>
    <statusbar-style>default</statusbar-style>
    <statusbar-hidden>false</statusbar-hidden>
    <fullscreen>false</fullscreen>
    <navbar-hidden>false</navbar-hidden>
    <analytics>false</analytics>
    <guid>4bbf7b9e-71d6-4a83-9550-f7695ecc8293</guid>
    <property name="ti.ui.defaultunit" type="string">system</property>
    <iphone>
        <orientations device="iphone">
            <orientation>Ti.UI.PORTRAIT</orientation>
        </orientations>
        <orientations device="ipad">
            <orientation>Ti.UI.PORTRAIT</orientation>
            <orientation>Ti.UI.UPSIDE_PORTRAIT</orientation>
            <orientation>Ti.UI.LANDSCAPE_LEFT</orientation>
            <orientation>Ti.UI.LANDSCAPE_RIGHT</orientation>
        </orientations>
    </iphone>
    <android xmlns:android="http://schemas.android.com/apk/res/android"/>
    <mobileweb>
        <precache/>
        <splash>
            <enabled>true</enabled>
            <inline-css-images>true</inline-css-images>
        </splash>
        <theme>default</theme>
    </mobileweb>
    <modules/>
    <deployment-targets>
        <target device="android">true</target>
        <target device="blackberry">false</target>
        <target device="ipad">true</target>
        <target device="iphone">true</target>
        <target device="mobileweb">false</target>
        <target device="tizen">false</target>
    </deployment-targets>
    <sdk-version>3.1.3.GA</sdk-version>
    <property name="flickr.key">[YOUR_FLICKR_API_KEY]</property>
</ti:app>
